date,match_link,home,away,home_elo,away_elo
2019-08-24,https://fbref.com/en/matches/2b01c68a/Parma-Juventus-August-24-2019-Serie-A,Parma,Juventus,1500.7142334,1870.22033691
2019-08-24,https://fbref.com/en/matches/de16a772/Fiorentina-Napoli-August-24-2019-Serie-A,Fiorentina,Napoli,1593.89379883,1805.58203125
2019-08-25,https://fbref.com/en/matches/5d32941f/Udinese-Milan-August-25-2019-Serie-A,Udinese,Milan,1563.6295166,1713.04663086
2019-08-25,https://fbref.com/en/matches/6237b77f/Torino-Sassuolo-August-25-2019-Serie-A,Torino,Sassuolo,1689.4083252,1567.81262207
2019-08-25,https://fbref.com/en/matches/0326af7e/SPAL-Atalanta-August-25-2019-Serie-A,SPAL,Atalanta,1552.5958252,1746.12548828
2019-08-25,https://fbref.com/en/matches/3ac8069d/Roma-Genoa-August-25-2019-Serie-A,Roma,Genoa,1746.67614746,1539.51062012
2019-08-25,https://fbref.com/en/matches/fb06cc65/Cagliari-Brescia-August-25-2019-Serie-A,Cagliari,Brescia,1534.32543945,1475.09484863
2019-08-25,https://fbref.com/en/matches/a8b82bb0/Hellas-Verona-Bologna-August-25-2019-Serie-A,Hellas Verona,Bologna,1431.97106934,1574.69616699
2019-08-25,https://fbref.com/en/matches/de72f334/Sampdoria-Lazio-August-25-2019-Serie-A,Sampdoria,Lazio,1607.97717285,1657.89282227
2019-08-26,https://fbref.com/en/matches/813ea7be/Internazionale-Lecce-August-26-2019-Serie-A,Inter,Lecce,1729.36889648,1457.78613281
2019-08-30,https://fbref.com/en/matches/ba549b1e/Bologna-SPAL-August-30-2019-Serie-A,Bologna,SPAL,1569.40307617,1544.44726562
2019-08-31,https://fbref.com/en/matches/27c01148/Milan-Brescia-August-31-2019-Serie-A,Milan,Brescia,1698.23864746,1483.15380859
2019-08-31,https://fbref.com/en/matches/14afe9c6/Juventus-Napoli-August-31-2019-Serie-A,Juventus,Napoli,1869.08911133,1805.66491699
2019-09-01,https://fbref.com/en/matches/5f3fe07d/Lazio-Roma-September-1-2019-Serie-A,Lazio,Roma,1672.46240234,1738.64416504
2019-09-01,https://fbref.com/en/matches/e55b020e/Atalanta-Torino-September-1-2019-Serie-A,Atalanta,Torino,1749.67346191,1687.89916992
2019-09-01,https://fbref.com/en/matches/5dba4b71/Cagliari-Internazionale-September-1-2019-Serie-A,Cagliari,Inter,1519.71728516,1731.26696777
2019-09-01,https://fbref.com/en/matches/a9c723e3/Lecce-Hellas-Verona-September-1-2019-Serie-A,Lecce,Hellas Verona,1451.28747559,1430.71496582
2019-09-01,https://fbref.com/en/matches/2b67d770/Udinese-Parma-September-1-2019-Serie-A,Udinese,Parma,1570.56237793,1495.29638672
2019-09-01,https://fbref.com/en/matches/355e9742/Genoa-Fiorentina-September-1-2019-Serie-A,Genoa,Fiorentina,1542.9420166,1585.93579102
2019-09-01,https://fbref.com/en/matches/1dea6b5e/Sassuolo-Sampdoria-September-1-2019-Serie-A,Sassuolo,Sampdoria,1560.98730469,1593.40759277
2019-09-14,https://fbref.com/en/matches/79509455/Fiorentina-Juventus-September-14-2019-Serie-A,Fiorentina,Juventus,1584.60986328,1867.76306152
2019-09-14,https://fbref.com/en/matches/a47ce106/Napoli-Sampdoria-September-14-2019-Serie-A,Napoli,Sampdoria,1800.78210449,1592.08166504
2019-09-14,https://fbref.com/en/matches/a56b68f2/Internazionale-Udinese-September-14-2019-Serie-A,Inter,Udinese,1731.26696777,1569.23632812
2019-09-15,https://fbref.com/en/matches/7fb132b4/Genoa-Atalanta-September-15-2019-Serie-A,Genoa,Atalanta,1541.6159668,1738.3626709
2019-09-15,https://fbref.com/en/matches/c88fa28b/Parma-Cagliari-September-15-2019-Serie-A,Parma,Cagliari,1493.97033691,1518.39135742
2019-09-15,https://fbref.com/en/matches/3d263c0c/Brescia-Bologna-September-15-2019-Serie-A,Brescia,Bologna,1481.82775879,1568.07702637
2019-09-15,https://fbref.com/en/matches/6d0c347f/SPAL-Lazio-September-15-2019-Serie-A,SPAL,Lazio,1543.12121582,1671.13647461
2019-09-15,https://fbref.com/en/matches/ab5a64e6/Roma-Sassuolo-September-15-2019-Serie-A,Roma,Sassuolo,1738.64416504,1559.66137695
2019-09-15,https://fbref.com/en/matches/798a19ce/Hellas-Verona-Milan-September-15-2019-Serie-A,Hellas Verona,Milan,1429.38903809,1700.44287109
2019-09-16,https://fbref.com/en/matches/fb27614b/Torino-Lecce-September-16-2019-Serie-A,Torino,Lecce,1699.21008301,1449.96154785
2019-09-20,https://fbref.com/en/matches/7b837163/Cagliari-Genoa-September-20-2019-Serie-A,Cagliari,Genoa,1527.42419434,1543.86950684
2019-09-21,https://fbref.com/en/matches/d5dc14b8/Udinese-Brescia-September-21-2019-Serie-A,Udinese,Brescia,1549.77246094,1472.1673584
2019-09-21,https://fbref.com/en/matches/c6a08826/Juventus-Hellas-Verona-September-21-2019-Serie-A,Juventus,Hellas Verona,1869.24926758,1436.06066895
2019-09-21,https://fbref.com/en/matches/8d99b6b9/Derby-della-Madonnina-Milan-Internazionale-September-21-2019-Serie-A,Milan,Inter,1702.82067871,1734.04772949
2019-09-22,https://fbref.com/en/matches/af15f020/Sassuolo-SPAL-September-22-2019-Serie-A,Sassuolo,SPAL,1567.59204102,1547.02124023
2019-09-22,https://fbref.com/en/matches/d110cc88/Lecce-Napoli-September-22-2019-Serie-A,Lecce,Napoli,1454.61743164,1821.05004883
2019-09-22,https://fbref.com/en/matches/48229e4d/Bologna-Roma-September-22-2019-Serie-A,Bologna,Roma,1581.06726074,1746.48620605
2019-09-22,https://fbref.com/en/matches/847fbff1/Sampdoria-Torino-September-22-2019-Serie-A,Sampdoria,Torino,1577.01416016,1682.77807617
2019-09-22,https://fbref.com/en/matches/ab7e6f6a/Atalanta-Fiorentina-September-22-2019-Serie-A,Atalanta,Fiorentina,1727.94128418,1582.89672852
2019-09-22,https://fbref.com/en/matches/38ef4b7d/Lazio-Parma-September-22-2019-Serie-A,Lazio,Parma,1661.37756348,1496.82763672
2019-09-24,https://fbref.com/en/matches/98d312ac/Hellas-Verona-Udinese-September-24-2019-Serie-A,Hellas Verona,Udinese,1434.82226562,1548.53405762
2019-09-24,https://fbref.com/en/matches/4317b763/Brescia-Juventus-September-24-2019-Serie-A,Brescia,Juventus,1470.92895508,1868.01086426
2019-09-25,https://fbref.com/en/matches/95b95a98/Roma-Atalanta-September-25-2019-Serie-A,Roma,Atalanta,1746.48620605,1726.70288086
2019-09-25,https://fbref.com/en/matches/bed42d99/Parma-Sassuolo-September-25-2019-Serie-A,Parma,Sassuolo,1495.5892334,1566.3536377
2019-09-25,https://fbref.com/en/matches/7e76d4d6/Internazionale-Lazio-September-25-2019-Serie-A,Inter,Lazio,1745.71936035,1651.55664062
2019-09-25,https://fbref.com/en/matches/a7d7a94e/SPAL-Lecce-September-25-2019-Serie-A,SPAL,Lecce,1545.78283691,1453.37902832
2019-09-25,https://fbref.com/en/matches/1fb0e314/Fiorentina-Sampdoria-September-25-2019-Serie-A,Fiorentina,Sampdoria,1581.6583252,1575.77575684
2019-09-25,https://fbref.com/en/matches/5a8c1572/Napoli-Cagliari-September-25-2019-Serie-A,Napoli,Cagliari,1819.81164551,1526.18566895
2019-09-25,https://fbref.com/en/matches/5dd39b2c/Genoa-Bologna-September-25-2019-Serie-A,Genoa,Bologna,1542.63110352,1579.82885742
2019-09-26,https://fbref.com/en/matches/b3269aca/Torino-Milan-September-26-2019-Serie-A,Torino,Milan,1682.77807617,1702.82067871
2019-09-28,https://fbref.com/en/matches/0d46187e/Juventus-SPAL-September-28-2019-Serie-A,Juventus,SPAL,1868.68249512,1535.73449707
2019-09-28,https://fbref.com/en/matches/a1177e74/Sampdoria-Internazionale-September-28-2019-Serie-A,Sampdoria,Inter,1584.81530762,1750.09179688
2019-09-28,https://fbref.com/en/matches/c822ab60/Sassuolo-Atalanta-September-28-2019-Serie-A,Sassuolo,Atalanta,1576.40197754,1721.28173828
2019-09-29,https://fbref.com/en/matches/86a3ee41/Napoli-Brescia-September-29-2019-Serie-A,Napoli,Brescia,1807.73535156,1482.5892334
2019-09-29,https://fbref.com/en/matches/4c786abf/Lecce-Roma-September-29-2019-Serie-A,Lecce,Roma,1449.99621582,1737.05603027
2019-09-29,https://fbref.com/en/matches/1ace8aaa/Udinese-Bologna-September-29-2019-Serie-A,Udinese,Bologna,1536.8737793,1574.42358398
2019-09-29,https://fbref.com/en/matches/d62041b9/Lazio-Genoa-September-29-2019-Serie-A,Lazio,Genoa,1655.93908691,1532.96875
2019-09-29,https://fbref.com/en/matches/527484ae/Cagliari-Hellas-Verona-September-29-2019-Serie-A,Cagliari,Hellas Verona,1535.84790039,1434.15063477
2019-09-29,https://fbref.com/en/matches/ec745de3/Milan-Fiorentina-September-29-2019-Serie-A,Milan,Fiorentina,1683.06494141,1593.32141113
2019-09-30,https://fbref.com/en/matches/855b79d4/Parma-Torino-September-30-2019-Serie-A,Parma,Torino,1491.20678711,1680.58422852
2019-10-05,https://fbref.com/en/matches/d91017ad/SPAL-Parma-October-5-2019-Serie-A,SPAL,Parma,1514.41235352,1507.9777832
2019-10-05,https://fbref.com/en/matches/6a7d53e1/Hellas-Verona-Sampdoria-October-5-2019-Serie-A,Hellas Verona,Sampdoria,1436.90698242,1567.97595215
2019-10-05,https://fbref.com/en/matches/18840243/Genoa-Milan-October-5-2019-Serie-A,Genoa,Milan,1521.45715332,1663.08349609
2019-10-06,https://fbref.com/en/matches/109f472f/Fiorentina-Udinese-October-6-2019-Serie-A,Fiorentina,Udinese,1608.0949707,1540.26306152
2019-10-06,https://fbref.com/en/matches/fe310ec0/Atalanta-Lecce-October-6-2019-Serie-A,Atalanta,Lecce,1732.62670898,1460.48413086
2019-10-06,https://fbref.com/en/matches/c1eb9f50/Roma-Cagliari-October-6-2019-Serie-A,Roma,Cagliari,1737.24169922,1543.55029297
2019-10-06,https://fbref.com/en/matches/686d7ed4/Bologna-Lazio-October-6-2019-Serie-A,Bologna,Lazio,1564.64013672,1662.53100586
2019-10-06,https://fbref.com/en/matches/66ed3756/Torino-Napoli-October-6-2019-Serie-A,Torino,Napoli,1667.11755371,1803.13781738
2019-10-06,https://fbref.com/en/matches/5026bc07/Derby-dItalia-Internazionale-Juventus-October-6-2019-Serie-A,Inter,Juventus,1752.50415039,1874.90246582
2019-10-19,https://fbref.com/en/matches/035b9138/Lazio-Atalanta-October-19-2019-Serie-A,Lazio,Atalanta,1661.52209473,1733.47753906
2019-10-19,https://fbref.com/en/matches/f99dc9fe/Napoli-Hellas-Verona-October-19-2019-Serie-A,Napoli,Hellas Verona,1803.98864746,1437.7578125
2019-10-19,https://fbref.com/en/matches/7bdb3ce3/Juventus-Bologna-October-19-2019-Serie-A,Juventus,Bologna,1875.75317383,1565.4909668
2019-10-20,https://fbref.com/en/matches/2efbb915/Sassuolo-Internazionale-October-20-2019-Serie-A,Sassuolo,Inter,1555.76330566,1746.64868164
2019-10-20,https://fbref.com/en/matches/3472d845/Udinese-Torino-October-20-2019-Serie-A,Udinese,Torino,1541.11376953,1669.2434082
2019-10-20,https://fbref.com/en/matches/d960f719/Sampdoria-Roma-October-20-2019-Serie-A,Sampdoria,Roma,1568.82666016,1735.15319824
2019-10-20,https://fbref.com/en/matches/467d496a/Cagliari-SPAL-October-20-2019-Serie-A,Cagliari,SPAL,1544.40112305,1515.26318359
2019-10-20,https://fbref.com/en/matches/497798e1/Parma-Genoa-October-20-2019-Serie-A,Parma,Genoa,1508.82849121,1522.3079834
2019-10-20,https://fbref.com/en/matches/b64ce217/Milan-Lecce-October-20-2019-Serie-A,Milan,Lecce,1670.01098633,1461.33496094
2019-10-21,https://fbref.com/en/matches/2444c7ef/Brescia-Fiorentina-October-21-2019-Serie-A,Brescia,Fiorentina,1476.49243164,1613.07958984
2019-10-25,https://fbref.com/en/matches/11170e59/Hellas-Verona-Sassuolo-October-25-2019-Serie-A,Hellas Verona,Sassuolo,1456.95373535,1558.60449219
2019-10-26,https://fbref.com/en/matches/9d7eb76c/Lecce-Juventus-October-26-2019-Serie-A,Lecce,Juventus,1472.35046387,1892.63378906
2019-10-26,https://fbref.com/en/matches/81cec5cf/Internazionale-Parma-October-26-2019-Serie-A,Inter,Parma,1769.4987793,1523.16638184
2019-10-26,https://fbref.com/en/matches/0e1aa64b/Genoa-Brescia-October-26-2019-Serie-A,Genoa,Brescia,1509.21923828,1486.28625488
2019-10-27,https://fbref.com/en/matches/dd08475c/Bologna-Sampdoria-October-27-2019-Serie-A,Bologna,Sampdoria,1571.92028809,1564.8873291
2019-10-27,https://fbref.com/en/matches/4410ed27/Atalanta-Udinese-October-27-2019-Serie-A,Atalanta,Udinese,1735.56860352,1553.02954102
2019-10-27,https://fbref.com/en/matches/3dfaf9b4/SPAL-Napoli-October-27-2019-Serie-A,SPAL,Napoli,1520.18261719,1819.71875
2019-10-27,https://fbref.com/en/matches/96fb099e/Torino-Cagliari-October-27-2019-Serie-A,Torino,Cagliari,1662.22131348,1565.70898438
2019-10-27,https://fbref.com/en/matches/cdb7b0cf/Roma-Milan-October-27-2019-Serie-A,Roma,Milan,1725.41809082,1666.53564453
2019-10-27,https://fbref.com/en/matches/0148cb07/Fiorentina-Lazio-October-27-2019-Serie-A,Fiorentina,Lazio,1614.01464844,1657.42382812
2019-10-29,https://fbref.com/en/matches/a480ae7a/Parma-Hellas-Verona-October-29-2019-Serie-A,Parma,Hellas Verona,1519.37426758,1453.16162109
2019-10-29,https://fbref.com/en/matches/d1c79e58/Brescia-Internazionale-October-29-2019-Serie-A,Brescia,Inter,1482.4942627,1765.70666504
2019-10-30,https://fbref.com/en/matches/63b092b4/Napoli-Atalanta-October-30-2019-Serie-A,Napoli,Atalanta,1815.92663574,1735.56860352
2019-10-30,https://fbref.com/en/matches/c3c909d6/Cagliari-Bologna-October-30-2019-Serie-A,Cagliari,Bologna,1561.91699219,1568.12817383
2019-10-30,https://fbref.com/en/matches/8f542d14/Udinese-Roma-October-30-2019-Serie-A,Udinese,Roma,1549.23742676,1725.41809082
2019-10-30,https://fbref.com/en/matches/18839ced/Lazio-Torino-October-30-2019-Serie-A,Lazio,Torino,1657.42382812,1662.22131348
2019-10-30,https://fbref.com/en/matches/69d4c194/Sassuolo-Fiorentina-October-30-2019-Serie-A,Sassuolo,Fiorentina,1554.81237793,1614.01464844
2019-10-30,https://fbref.com/en/matches/be084a46/Sampdoria-Lecce-October-30-2019-Serie-A,Sampdoria,Lecce,1561.09521484,1468.55847168
2019-10-30,https://fbref.com/en/matches/12d0d3b3/Juventus-Genoa-October-30-2019-Serie-A,Juventus,Genoa,1888.8416748,1505.42724609
2019-10-31,https://fbref.com/en/matches/45a928c4/Milan-SPAL-October-31-2019-Serie-A,Milan,SPAL,1666.53564453,1516.390625
2019-11-02,https://fbref.com/en/matches/73f92283/Roma-Napoli-November-2-2019-Serie-A,Roma,Napoli,1730.48706055,1810.05761719
2019-11-02,https://fbref.com/en/matches/b68dc4ea/Bologna-Internazionale-November-2-2019-Serie-A,Bologna,Inter,1574.28613281,1761.77075195
2019-11-02,https://fbref.com/en/matches/4c1cbd79/Torino-Juventus-November-2-2019-Serie-A,Torino,Juventus,1657.77575684,1881.09594727
2019-11-03,https://fbref.com/en/matches/3444ce4b/Atalanta-Cagliari-November-3-2019-Serie-A,Atalanta,Cagliari,1745.73352051,1566.36254883
2019-11-03,https://fbref.com/en/matches/4754d203/Lecce-Sassuolo-November-3-2019-Serie-A,Lecce,Sassuolo,1476.30419922,1561.82556152
2019-11-03,https://fbref.com/en/matches/215d7497/Genoa-Udinese-November-3-2019-Serie-A,Genoa,Udinese,1513.77050781,1542.75585938
2019-11-03,https://fbref.com/en/matches/03171f2d/Hellas-Verona-Brescia-November-3-2019-Serie-A,Hellas Verona,Brescia,1446.14855957,1474.15087891
2019-11-03,https://fbref.com/en/matches/07b1998d/Fiorentina-Parma-November-3-2019-Serie-A,Fiorentina,Parma,1614.04211426,1526.47338867
2019-11-03,https://fbref.com/en/matches/86cc1b86/Milan-Lazio-November-3-2019-Serie-A,Milan,Lazio,1664.92541504,1677.99597168
2019-11-04,https://fbref.com/en/matches/5181f1fc/SPAL-Sampdoria-November-4-2019-Serie-A,SPAL,Sampdoria,1522.25964355,1554.93725586
2019-11-08,https://fbref.com/en/matches/da587b4e/Sassuolo-Bologna-November-8-2019-Serie-A,Sassuolo,Bologna,1553.77709961,1563.32409668
2019-11-09,https://fbref.com/en/matches/a95e968b/Brescia-Torino-November-9-2019-Serie-A,Brescia,Torino,1464.92993164,1642.19812012
2019-11-09,https://fbref.com/en/matches/fc94b998/Internazionale-Hellas-Verona-November-9-2019-Serie-A,Inter,Hellas Verona,1762.16186523,1465.19470215
2019-11-09,https://fbref.com/en/matches/c01005cd/Napoli-Genoa-November-9-2019-Serie-A,Napoli,Genoa,1796.5189209,1500.13146973
2019-11-10,https://fbref.com/en/matches/79ea19d6/Cagliari-Fiorentina-November-10-2019-Serie-A,Cagliari,Fiorentina,1592.64953613,1604.01391602
2019-11-10,https://fbref.com/en/matches/537cf17f/Sampdoria-Atalanta-November-10-2019-Serie-A,Sampdoria,Atalanta,1560.37060547,1733.21289062
2019-11-10,https://fbref.com/en/matches/b701c357/Lazio-Lecce-November-10-2019-Serie-A,Lazio,Lecce,1670.58850098,1481.00073242
2019-11-10,https://fbref.com/en/matches/28b51481/Udinese-SPAL-November-10-2019-Serie-A,Udinese,SPAL,1546.54504395,1510.63427734
2019-11-10,https://fbref.com/en/matches/ea544224/Parma-Roma-November-10-2019-Serie-A,Parma,Roma,1519.7779541,1736.22119141
2019-11-10,https://fbref.com/en/matches/a36cd4fc/Juventus-Milan-November-10-2019-Serie-A,Juventus,Milan,1890.26757812,1656.15991211
2019-11-23,https://fbref.com/en/matches/8ab6d4c0/Atalanta-Juventus-November-23-2019-Serie-A,Atalanta,Juventus,1727.05456543,1884.10925293
2019-11-23,https://fbref.com/en/matches/90e89892/Milan-Napoli-November-23-2019-Serie-A,Milan,Napoli,1650.00158691,1790.3605957
2019-11-23,https://fbref.com/en/matches/d72ad0d5/Torino-Internazionale-November-23-2019-Serie-A,Torino,Inter,1636.03979492,1757.48828125
2019-11-24,https://fbref.com/en/matches/0d88781a/Bologna-Parma-November-24-2019-Serie-A,Bologna,Parma,1557.16577148,1513.61962891
2019-11-24,https://fbref.com/en/matches/b0ede599/Sassuolo-Lazio-November-24-2019-Serie-A,Sassuolo,Lazio,1547.61877441,1674.04956055
2019-11-24,https://fbref.com/en/matches/d1f9e7d1/Roma-Brescia-November-24-2019-Serie-A,Roma,Brescia,1719.39160156,1458.77160645
2019-11-24,https://fbref.com/en/matches/96d5142a/Hellas-Verona-Fiorentina-November-24-2019-Serie-A,Hellas Verona,Fiorentina,1459.03637695,1592.13476562
2019-11-24,https://fbref.com/en/matches/7e327803/Sampdoria-Udinese-November-24-2019-Serie-A,Sampdoria,Udinese,1554.21228027,1540.38671875
2019-11-25,https://fbref.com/en/matches/66e2d276/Lecce-Cagliari-November-25-2019-Serie-A,Lecce,Cagliari,1474.84240723,1598.37036133
2019-11-25,https://fbref.com/en/matches/cf57501d/SPAL-Genoa-November-25-2019-Serie-A,SPAL,Genoa,1504.47595215,1493.97314453
2019-11-30,https://fbref.com/en/matches/6c36b7f9/Brescia-Atalanta-November-30-2019-Serie-A,Brescia,Atalanta,1456.57092285,1735.61987305
2019-11-30,https://fbref.com/en/matches/64d52be7/Genoa-Torino-November-30-2019-Serie-A,Genoa,Torino,1514.98791504,1645.39648438
2019-11-30,https://fbref.com/en/matches/c501d180/Fiorentina-Lecce-November-30-2019-Serie-A,Fiorentina,Lecce,1593.35803223,1484.06652832
2019-12-01,https://fbref.com/en/matches/b94c6b3c/Juventus-Sassuolo-December-1-2019-Serie-A,Juventus,Sassuolo,1910.87304688,1561.35766602
2019-12-01,https://fbref.com/en/matches/51b61759/Parma-Milan-December-1-2019-Serie-A,Parma,Milan,1543.93322754,1660.78527832
2019-12-01,https://fbref.com/en/matches/c0bac5fc/Internazionale-SPAL-December-1-2019-Serie-A,Inter,SPAL,1796.21044922,1516.22583008
2019-12-01,https://fbref.com/en/matches/05f6d0c2/Lazio-Udinese-December-1-2019-Serie-A,Lazio,Udinese,1700.28051758,1542.79492188
2019-12-01,https://fbref.com/en/matches/2946d9e8/Napoli-Bologna-December-1-2019-Serie-A,Napoli,Bologna,1799.41845703,1556.5456543
2019-12-01,https://fbref.com/en/matches/57d4957f/Hellas-Verona-Roma-December-1-2019-Serie-A,Hellas Verona,Roma,1478.45568848,1748.90539551
2019-12-02,https://fbref.com/en/matches/3b6507f6/Cagliari-Sampdoria-December-2-2019-Serie-A,Cagliari,Sampdoria,1612.70336914,1574.1036377
2019-12-06,https://fbref.com/en/matches/0f6ebeb9/Internazionale-Roma-December-6-2019-Serie-A,Inter,Roma,1797.87182617,1748.90539551
2019-12-07,https://fbref.com/en/matches/ee0308d1/Atalanta-Hellas-Verona-December-7-2019-Serie-A,Atalanta,Hellas Verona,1746.03747559,1483.34655762
2019-12-07,https://fbref.com/en/matches/d96391e7/Udinese-Napoli-December-7-2019-Serie-A,Udinese,Napoli,1547.68579102,1789.43164062
2019-12-07,https://fbref.com/en/matches/26bbc02a/Lazio-Juventus-December-7-2019-Serie-A,Lazio,Juventus,1705.69750977,1915.76391602
2019-12-08,https://fbref.com/en/matches/47ad14ea/Lecce-Genoa-December-8-2019-Serie-A,Lecce,Genoa,1488.95739746,1519.87890625
2019-12-08,https://fbref.com/en/matches/efd700b6/Torino-Fiorentina-December-8-2019-Serie-A,Torino,Fiorentina,1656.87854004,1598.24890137
2019-12-08,https://fbref.com/en/matches/e224af01/Sassuolo-Cagliari-December-8-2019-Serie-A,Sassuolo,Cagliari,1566.24853516,1618.18371582
2019-12-08,https://fbref.com/en/matches/8d1e3269/SPAL-Brescia-December-8-2019-Serie-A,SPAL,Brescia,1521.11682129,1461.46179199
2019-12-08,https://fbref.com/en/matches/732cea3e/Sampdoria-Parma-December-8-2019-Serie-A,Sampdoria,Parma,1578.99450684,1548.82421875
2019-12-08,https://fbref.com/en/matches/4b0489b2/Bologna-Milan-December-8-2019-Serie-A,Bologna,Milan,1561.43664551,1672.56115723
2019-12-14,https://fbref.com/en/matches/21a85f0f/Brescia-Lecce-December-14-2019-Serie-A,Brescia,Lecce,1476.57495117,1508.68823242
2019-12-14,https://fbref.com/en/matches/e75fecfe/Napoli-Parma-December-14-2019-Serie-A,Napoli,Parma,1798.22875977,1561.82641602
2019-12-14,https://fbref.com/en/matches/18d1f4f9/Genoa-Sampdoria-December-14-2019-Serie-A,Genoa,Sampdoria,1524.14135742,1571.87304688
2019-12-15,https://fbref.com/en/matches/7d3b20e6/Hellas-Verona-Torino-December-15-2019-Serie-A,Hellas Verona,Torino,1485.79931641,1663.6192627
2019-12-15,https://fbref.com/en/matches/6c411ec8/Juventus-Udinese-December-15-2019-Serie-A,Juventus,Udinese,1910.0357666,1556.09472656
2019-12-15,https://fbref.com/en/matches/319c3373/Bologna-Atalanta-December-15-2019-Serie-A,Bologna,Atalanta,1577.95532227,1774.79663086
2019-12-15,https://fbref.com/en/matches/61a7ee2d/Milan-Sassuolo-December-15-2019-Serie-A,Milan,Sassuolo,1682.17041016,1582.88024902
2019-12-15,https://fbref.com/en/matches/dc816e12/Roma-SPAL-December-15-2019-Serie-A,Roma,SPAL,1752.00927734,1517.06164551
2019-12-15,https://fbref.com/en/matches/71fca453/Fiorentina-Internazionale-December-15-2019-Serie-A,Fiorentina,Inter,1590.42004395,1798.75305176
2019-12-16,https://fbref.com/en/matches/0d2f0bfa/Cagliari-Lazio-December-16-2019-Serie-A,Cagliari,Lazio,1621.14746094,1710.44909668
2019-12-18,https://fbref.com/en/matches/c7506830/Sampdoria-Juventus-December-18-2019-Serie-A,Sampdoria,Juventus,1564.87719727,1903.03991699
2019-12-18,https://fbref.com/en/matches/53df47dc/Brescia-Sassuolo-December-18-2019-Serie-A,Brescia,Sassuolo,1469.57897949,1575.88439941
2019-12-20,https://fbref.com/en/matches/8f370809/Fiorentina-Roma-December-20-2019-Serie-A,Fiorentina,Roma,1583.42419434,1752.00927734
2019-12-21,https://fbref.com/en/matches/64202847/Udinese-Cagliari-December-21-2019-Serie-A,Udinese,Cagliari,1549.09887695,1613.78381348
2019-12-21,https://fbref.com/en/matches/46b11d4b/Internazionale-Genoa-December-21-2019-Serie-A,Inter,Genoa,1791.75720215,1517.14550781
2019-12-21,https://fbref.com/en/matches/c9eded12/Torino-SPAL-December-21-2019-Serie-A,Torino,SPAL,1660.39807129,1510.0657959
2019-12-22,https://fbref.com/en/matches/d3815642/Atalanta-Milan-December-22-2019-Serie-A,Atalanta,Milan,1756.50805664,1677.5189209
2019-12-22,https://fbref.com/en/matches/48d7fa77/Lecce-Bologna-December-22-2019-Serie-A,Lecce,Bologna,1501.69238281,1570.95935059
2019-12-22,https://fbref.com/en/matches/9965b7ce/Parma-Brescia-December-22-2019-Serie-A,Parma,Brescia,1554.83056641,1481.58483887
2019-12-22,https://fbref.com/en/matches/d5147fd0/Sassuolo-Napoli-December-22-2019-Serie-A,Sassuolo,Napoli,1580.5357666,1791.23278809
2020-01-05,https://fbref.com/en/matches/c870e65e/Brescia-Lazio-January-5-2020-Serie-A,Brescia,Lazio,1471.47167969,1717.81286621
2020-01-05,https://fbref.com/en/matches/fc06c687/SPAL-Hellas-Verona-January-5-2020-Serie-A,SPAL,Hellas Verona,1507.26916504,1478.8034668
2020-01-05,https://fbref.com/en/matches/9fc85829/Genoa-Sassuolo-January-5-2020-Serie-A,Genoa,Sassuolo,1508.60681152,1590.64892578
2020-01-05,https://fbref.com/en/matches/eb12043e/Roma-Torino-January-5-2020-Serie-A,Roma,Torino,1764.25488281,1647.1060791
2020-01-06,https://fbref.com/en/matches/56a6b396/Bologna-Fiorentina-January-6-2020-Serie-A,Bologna,Fiorentina,1582.2520752,1587.23815918
2020-01-06,https://fbref.com/en/matches/b7aca984/Juventus-Cagliari-January-6-2020-Serie-A,Juventus,Cagliari,1904.55493164,1605.70227051
2020-01-06,https://fbref.com/en/matches/0c8847d2/Milan-Sampdoria-January-6-2020-Serie-A,Milan,Sampdoria,1667.47851562,1573.41589355
2020-01-06,https://fbref.com/en/matches/bdaebb99/Atalanta-Parma-January-6-2020-Serie-A,Atalanta,Parma,1766.54858398,1569.6036377
2020-01-06,https://fbref.com/en/matches/b924eec7/Lecce-Udinese-January-6-2020-Serie-A,Lecce,Udinese,1489.68652344,1547.58374023
2020-01-06,https://fbref.com/en/matches/4729665f/Napoli-Internazionale-January-6-2020-Serie-A,Napoli,Inter,1776.4597168,1791.22167969
2020-01-11,https://fbref.com/en/matches/bae24797/Cagliari-Milan-January-11-2020-Serie-A,Cagliari,Milan,1605.70227051,1667.47851562
2020-01-11,https://fbref.com/en/matches/d47d92d7/Lazio-Napoli-January-11-2020-Serie-A,Lazio,Napoli,1717.81286621,1781.49731445
2020-01-11,https://fbref.com/en/matches/6986f646/Internazionale-Atalanta-January-11-2020-Serie-A,Inter,Atalanta,1791.22167969,1766.54858398
2020-01-12,https://fbref.com/en/matches/1dadbcaa/Udinese-Sassuolo-January-12-2020-Serie-A,Udinese,Sassuolo,1555.6652832,1585.6114502
2020-01-12,https://fbref.com/en/matches/a8cdf836/Torino-Bologna-January-12-2020-Serie-A,Torino,Bologna,1664.6854248,1589.54248047
2020-01-12,https://fbref.com/en/matches/d5867ce6/Sampdoria-Brescia-January-12-2020-Serie-A,Sampdoria,Brescia,1570.84460449,1475.94152832
2020-01-12,https://fbref.com/en/matches/9587a6b9/Fiorentina-SPAL-January-12-2020-Serie-A,Fiorentina,SPAL,1577.78918457,1520.56115723
2020-01-12,https://fbref.com/en/matches/dc13e242/Hellas-Verona-Genoa-January-12-2020-Serie-A,Hellas Verona,Genoa,1482.0246582,1505.32836914
2020-01-12,https://fbref.com/en/matches/e673ce9b/Roma-Juventus-January-12-2020-Serie-A,Roma,Juventus,1764.25488281,1907.12609863
2020-01-13,https://fbref.com/en/matches/aa1b597c/Parma-Lecce-January-13-2020-Serie-A,Parma,Lecce,1565.13391113,1482.39611816
2020-01-18,https://fbref.com/en/matches/6ba0fa51/Lazio-Sampdoria-January-18-2020-Serie-A,Lazio,Sampdoria,1721.62145996,1575.17602539
2020-01-18,https://fbref.com/en/matches/5afdc2eb/Sassuolo-Torino-January-18-2020-Serie-A,Sassuolo,Torino,1577.25817871,1664.6854248
2020-01-18,https://fbref.com/en/matches/501f868e/Napoli-Fiorentina-January-18-2020-Serie-A,Napoli,Fiorentina,1768.07519531,1579.94897461
2020-01-19,https://fbref.com/en/matches/af53ca66/Milan-Udinese-January-19-2020-Serie-A,Milan,Udinese,1674.63916016,1563.30175781
2020-01-19,https://fbref.com/en/matches/1f804ab6/Brescia-Cagliari-January-19-2020-Serie-A,Brescia,Cagliari,1472.1328125,1602.77709961
2020-01-19,https://fbref.com/en/matches/5b4d3822/Lecce-Internazionale-January-19-2020-Serie-A,Lecce,Inter,1474.75976562,1804.64379883
2020-01-19,https://fbref.com/en/matches/f4a91ad0/Bologna-Hellas-Verona-January-19-2020-Serie-A,Bologna,Hellas Verona,1587.38256836,1497.44519043
2020-01-19,https://fbref.com/en/matches/28e3f6cf/Genoa-Roma-January-19-2020-Serie-A,Genoa,Roma,1513.68164062,1746.67541504
2020-01-19,https://fbref.com/en/matches/c29fc8cd/Juventus-Parma-January-19-2020-Serie-A,Juventus,Parma,1910.0513916,1559.71289062
2020-01-20,https://fbref.com/en/matches/4d8d8572/Atalanta-SPAL-January-20-2020-Serie-A,Atalanta,SPAL,1774.65710449,1505.14050293
2020-01-24,https://fbref.com/en/matches/dfc9a38c/Brescia-Milan-January-24-2020-Serie-A,Brescia,Milan,1463.90234375,1678.87023926
2020-01-25,https://fbref.com/en/matches/a73b807f/SPAL-Bologna-January-25-2020-Serie-A,SPAL,Bologna,1500.35998535,1582.74353027
2020-01-25,https://fbref.com/en/matches/9025bbe5/Fiorentina-Genoa-January-25-2020-Serie-A,Fiorentina,Genoa,1584.72961426,1506.76696777
2020-01-25,https://fbref.com/en/matches/b9252e68/Torino-Atalanta-January-25-2020-Serie-A,Torino,Atalanta,1669.32458496,1774.65710449
2020-01-26,https://fbref.com/en/matches/2104f4e6/Internazionale-Cagliari-January-26-2020-Serie-A,Inter,Cagliari,1801.95629883,1591.28515625
2020-01-26,https://fbref.com/en/matches/1808c963/Parma-Udinese-January-26-2020-Serie-A,Parma,Udinese,1565.98046875,1575.0300293
2020-01-26,https://fbref.com/en/matches/616e22ee/Hellas-Verona-Lecce-January-26-2020-Serie-A,Hellas Verona,Lecce,1504.35986328,1468.49230957
2020-01-26,https://fbref.com/en/matches/a0cb6940/Sampdoria-Sassuolo-January-26-2020-Serie-A,Sampdoria,Sassuolo,1583.40649414,1565.52978516
2020-01-26,https://fbref.com/en/matches/58a281a4/Roma-Lazio-January-26-2020-Serie-A,Roma,Lazio,1741.18408203,1735.61157227
2020-01-26,https://fbref.com/en/matches/6e318964/Napoli-Juventus-January-26-2020-Serie-A,Napoli,Juventus,1741.15478516,1915.54272461
2020-02-01,https://fbref.com/en/matches/bfd19bd0/Bologna-Brescia-February-1-2020-Serie-A,Bologna,Brescia,1590.1965332,1465.62963867
2020-02-01,https://fbref.com/en/matches/94221afe/Cagliari-Parma-February-1-2020-Serie-A,Cagliari,Parma,1589.55773926,1564.88049316
2020-02-01,https://fbref.com/en/matches/992a9b6c/Sassuolo-Roma-February-1-2020-Serie-A,Sassuolo,Roma,1574.54040527,1746.91650391
2020-02-02,https://fbref.com/en/matches/d7d81564/Juventus-Fiorentina-February-2-2020-Serie-A,Juventus,Fiorentina,1916.6427002,1599.67871094
2020-02-02,https://fbref.com/en/matches/3741fa7c/Lazio-SPAL-February-2-2020-Serie-A,Lazio,SPAL,1737.61938477,1515.6862793
2020-02-02,https://fbref.com/en/matches/d6f40768/Milan-Hellas-Verona-February-2-2020-Serie-A,Milan,Hellas Verona,1683.31323242,1508.31018066
2020-02-02,https://fbref.com/en/matches/f6a65910/Atalanta-Genoa-February-2-2020-Serie-A,Atalanta,Genoa,1759.33068848,1501.0345459
2020-02-02,https://fbref.com/en/matches/6eaa2d6c/Lecce-Torino-February-2-2020-Serie-A,Lecce,Torino,1474.94775391,1641.81176758
2020-02-02,https://fbref.com/en/matches/49236a42/Udinese-Internazionale-February-2-2020-Serie-A,Udinese,Inter,1570.7989502,1789.06799316
2020-02-03,https://fbref.com/en/matches/2b131af8/Sampdoria-Napoli-February-3-2020-Serie-A,Sampdoria,Napoli,1576.93005371,1741.15478516
2020-02-05,https://fbref.com/en/matches/97c2d01d/Lazio-Hellas-Verona-February-5-2020-Serie-A,Lazio,Hellas Verona,1737.61938477,1518.11169434
2020-02-07,https://fbref.com/en/matches/ecad1892/Roma-Bologna-February-7-2020-Serie-A,Roma,Bologna,1744.90881348,1593.89685059
2020-02-08,https://fbref.com/en/matches/6d548812/Fiorentina-Atalanta-February-8-2020-Serie-A,Fiorentina,Atalanta,1597.10693359,1777.83288574
2020-02-08,https://fbref.com/en/matches/9f8ea9de/Torino-Sampdoria-February-8-2020-Serie-A,Torino,Sampdoria,1641.81176758,1575.1697998
2020-02-08,https://fbref.com/en/matches/a0d5f40b/Hellas-Verona-Juventus-February-8-2020-Serie-A,Hellas Verona,Juventus,1523.81164551,1905.4161377
2020-02-09,https://fbref.com/en/matches/a1d940ef/SPAL-Sassuolo-February-9-2020-Serie-A,SPAL,Sassuolo,1504.28283691,1591.51306152
2020-02-09,https://fbref.com/en/matches/e307e4b1/Napoli-Lecce-February-9-2020-Serie-A,Napoli,Lecce,1752.38134766,1465.1463623
2020-02-09,https://fbref.com/en/matches/6e54e5fd/Genoa-Cagliari-February-9-2020-Serie-A,Genoa,Cagliari,1505.4921875,1593.71228027
2020-02-09,https://fbref.com/en/matches/e38d97d7/Brescia-Udinese-February-9-2020-Serie-A,Brescia,Udinese,1461.18664551,1561.27844238
2020-02-09,https://fbref.com/en/matches/b0859f3c/Parma-Lazio-February-9-2020-Serie-A,Parma,Lazio,1574.40100098,1741.89379883
2020-02-09,https://fbref.com/en/matches/b175fd39/Derby-della-Madonnina-Internazionale-Milan-February-9-2020-Serie-A,Inter,Milan,1794.86474609,1677.61328125
2020-02-15,https://fbref.com/en/matches/342f9a57/Lecce-SPAL-February-15-2020-Serie-A,Lecce,SPAL,1487.21276855,1500.00842285
2020-02-15,https://fbref.com/en/matches/d15818f6/Bologna-Genoa-February-15-2020-Serie-A,Bologna,Genoa,1606.5300293,1512.91662598
2020-02-15,https://fbref.com/en/matches/282c05ad/Atalanta-Roma-February-15-2020-Serie-A,Atalanta,Roma,1775.39660645,1717.06323242
2020-02-16,https://fbref.com/en/matches/58f06b8f/Udinese-Hellas-Verona-February-16-2020-Serie-A,Udinese,Hellas Verona,1555.48168945,1530.42871094
2020-02-16,https://fbref.com/en/matches/c2b25480/Sampdoria-Fiorentina-February-16-2020-Serie-A,Sampdoria,Fiorentina,1568.04125977,1592.11889648
2020-02-16,https://fbref.com/en/matches/b0c770e4/Sassuolo-Parma-February-16-2020-Serie-A,Sassuolo,Parma,1598.57336426,1576.67919922
2020-02-16,https://fbref.com/en/matches/2352cfdc/Juventus-Brescia-February-16-2020-Serie-A,Juventus,Brescia,1907.98791504,1457.48632812
2020-02-16,https://fbref.com/en/matches/db8bff69/Cagliari-Napoli-February-16-2020-Serie-A,Cagliari,Napoli,1593.71228027,1759.50976562
2020-02-16,https://fbref.com/en/matches/ba3e212b/Lazio-Internazionale-February-16-2020-Serie-A,Lazio,Inter,1735.2767334,1794.86474609
2020-02-17,https://fbref.com/en/matches/b8ca4f50/Milan-Torino-February-17-2020-Serie-A,Milan,Torino,1671.80200195,1604.44091797
2020-02-21,https://fbref.com/en/matches/ef152c0d/Brescia-Napoli-February-21-2020-Serie-A,Brescia,Napoli,1463.05432129,1754.9609375
2020-02-22,https://fbref.com/en/matches/f35dfd9b/Bologna-Udinese-February-22-2020-Serie-A,Bologna,Udinese,1591.70068359,1557.78503418
2020-02-22,https://fbref.com/en/matches/d2801f5c/SPAL-Juventus-February-22-2020-Serie-A,SPAL,Juventus,1491.84033203,1898.93115234
2020-02-22,https://fbref.com/en/matches/c39988ae/Fiorentina-Milan-February-22-2020-Serie-A,Fiorentina,Milan,1615.76696777,1682.2935791
2020-02-23,https://fbref.com/en/matches/731a430e/Genoa-Lazio-February-23-2020-Serie-A,Genoa,Lazio,1547.14172363,1754.04223633
2020-02-23,https://fbref.com/en/matches/903297ed/Roma-Lecce-February-23-2020-Serie-A,Roma,Lecce,1717.25878906,1514.13549805
2020-02-29,https://fbref.com/en/matches/5cd79f53/Lazio-Bologna-February-29-2020-Serie-A,Lazio,Bologna,1758.67504883,1589.59558105
2020-02-29,https://fbref.com/en/matches/2dca2b92/Napoli-Torino-February-29-2020-Serie-A,Napoli,Torino,1758.30615234,1604.94494629
2020-03-01,https://fbref.com/en/matches/0a142183/Lecce-Atalanta-March-1-2020-Serie-A,Lecce,Atalanta,1509.5135498,1801.56433105
2020-03-01,https://fbref.com/en/matches/333ca4d6/Cagliari-Roma-March-1-2020-Serie-A,Cagliari,Roma,1585.33349609,1731.69714355
2020-03-08,https://fbref.com/en/matches/ceecf227/Parma-SPAL-March-8-2020-Serie-A,Parma,SPAL,1587.17504883,1490.63537598
2020-03-08,https://fbref.com/en/matches/9cfb3488/Sampdoria-Hellas-Verona-March-8-2020-Serie-A,Sampdoria,Hellas Verona,1570.69299316,1553.2532959
2020-03-08,https://fbref.com/en/matches/81983acf/Milan-Genoa-March-8-2020-Serie-A,Milan,Genoa,1683.73010254,1543.21264648
2020-03-08,https://fbref.com/en/matches/bdb59761/Udinese-Fiorentina-March-8-2020-Serie-A,Udinese,Fiorentina,1560.59387207,1617.96862793
2020-03-08,https://fbref.com/en/matches/3e2338d1/Derby-dItalia-Juventus-Internazionale-March-8-2020-Serie-A,Juventus,Inter,1893.91894531,1804.08374023
2020-03-09,https://fbref.com/en/matches/8f0d9171/Sassuolo-Brescia-March-9-2020-Serie-A,Sassuolo,Brescia,1595.59802246,1460.56896973
2020-06-20,https://fbref.com/en/matches/629ac3e4/Torino-Parma-June-20-2020-Serie-A,Torino,Parma,1604.79101562,1576.79333496
2020-06-20,https://fbref.com/en/matches/cfacfcaa/Hellas-Verona-Cagliari-June-20-2020-Serie-A,Hellas Verona,Cagliari,1548.39453125,1581.26867676
2020-06-21,https://fbref.com/en/matches/f5729c17/Atalanta-Sassuolo-June-21-2020-Serie-A,Atalanta,Sassuolo,1815.94262695,1603.83276367
2020-06-21,https://fbref.com/en/matches/8eee2633/Internazionale-Sampdoria-June-21-2020-Serie-A,Inter,Sampdoria,1799.1697998,1578.48620605
2020-06-22,https://fbref.com/en/matches/dc1379d4/Fiorentina-Brescia-June-22-2020-Serie-A,Fiorentina,Brescia,1619.58618164,1455.58935547
2020-06-22,https://fbref.com/en/matches/e1f17567/Lecce-Milan-June-22-2020-Serie-A,Lecce,Milan,1505.07617188,1672.72705078
2020-06-22,https://fbref.com/en/matches/711e1d1f/Bologna-Juventus-June-22-2020-Serie-A,Bologna,Juventus,1586.7130127,1902.0880127
2020-06-23,https://fbref.com/en/matches/7509e314/SPAL-Cagliari-June-23-2020-Serie-A,SPAL,Cagliari,1503.95153809,1583.05651855
2020-06-23,https://fbref.com/en/matches/38851d41/Hellas-Verona-Napoli-June-23-2020-Serie-A,Hellas Verona,Napoli,1550.18249512,1764.97045898
2020-06-23,https://fbref.com/en/matches/b661835e/Torino-Udinese-June-23-2020-Serie-A,Torino,Udinese,1602.57531738,1562.23144531
2020-06-23,https://fbref.com/en/matches/9637c1c8/Genoa-Parma-June-23-2020-Serie-A,Genoa,Parma,1557.4708252,1578.58129883
2020-06-24,https://fbref.com/en/matches/d54044f1/Internazionale-Sassuolo-June-24-2020-Serie-A,Inter,Sassuolo,1799.1697998,1603.83276367
2020-06-24,https://fbref.com/en/matches/75012b50/Atalanta-Lazio-June-24-2020-Serie-A,Atalanta,Lazio,1815.94262695,1766.28015137
2020-06-24,https://fbref.com/en/matches/ab192cc2/Roma-Sampdoria-June-24-2020-Serie-A,Roma,Sampdoria,1739.01721191,1580.27416992
2020-06-26,https://fbref.com/en/matches/38c0ba71/Juventus-Lecce-June-26-2020-Serie-A,Juventus,Lecce,1903.87597656,1506.86413574
2020-06-27,https://fbref.com/en/matches/7a2893f2/Brescia-Genoa-June-27-2020-Serie-A,Brescia,Genoa,1457.37731934,1559.25878906
2020-06-27,https://fbref.com/en/matches/13355abd/Cagliari-Torino-June-27-2020-Serie-A,Cagliari,Torino,1575.51074219,1602.57531738
2020-06-27,https://fbref.com/en/matches/107698b8/Lazio-Fiorentina-June-27-2020-Serie-A,Lazio,Fiorentina,1766.28015137,1619.58618164
2020-06-28,https://fbref.com/en/matches/fcc08302/Milan-Roma-June-28-2020-Serie-A,Milan,Roma,1681.59765625,1742.23974609
2020-06-28,https://fbref.com/en/matches/1cba2796/Sampdoria-Bologna-June-28-2020-Serie-A,Sampdoria,Bologna,1577.8963623,1588.50097656
2020-06-28,https://fbref.com/en/matches/fb94d82b/Napoli-SPAL-June-28-2020-Serie-A,Napoli,SPAL,1771.0880127,1505.73950195
2020-06-28,https://fbref.com/en/matches/d5ff17b3/Udinese-Atalanta-June-28-2020-Serie-A,Udinese,Atalanta,1564.01940918,1825.22937012
2020-06-28,https://fbref.com/en/matches/2e6a73af/Sassuolo-Hellas-Verona-June-28-2020-Serie-A,Sassuolo,Hellas Verona,1605.94934082,1557.72827148
2020-06-28,https://fbref.com/en/matches/4d6b7469/Parma-Internazionale-June-28-2020-Serie-A,Parma,Inter,1596.13684082,1795.36376953
2020-06-30,https://fbref.com/en/matches/399a5268/Torino-Lazio-June-30-2020-Serie-A,Torino,Lazio,1597.9185791,1761.06054688
2020-06-30,https://fbref.com/en/matches/0331e718/Genoa-Juventus-June-30-2020-Serie-A,Genoa,Juventus,1543.91882324,1907.49401855
2020-07-01,https://fbref.com/en/matches/a9a5d7eb/Bologna-Cagliari-July-1-2020-Serie-A,Bologna,Cagliari,1584.88293457,1583.00183105
2020-07-01,https://fbref.com/en/matches/0f3622bf/Internazionale-Brescia-July-1-2020-Serie-A,Inter,Brescia,1799.80773926,1462.87023926
2020-07-01,https://fbref.com/en/matches/9da7a1f8/Hellas-Verona-Parma-July-1-2020-Serie-A,Hellas Verona,Parma,1551.61071777,1596.13684082
2020-07-01,https://fbref.com/en/matches/155edfa9/Fiorentina-Sassuolo-July-1-2020-Serie-A,Fiorentina,Sassuolo,1614.09313965,1605.94934082
2020-07-01,https://fbref.com/en/matches/52d389e6/Lecce-Sampdoria-July-1-2020-Serie-A,Lecce,Sampdoria,1497.99353027,1574.67370605
2020-07-01,https://fbref.com/en/matches/0d5984e4/SPAL-Milan-July-1-2020-Serie-A,SPAL,Milan,1498.24829102,1693.31994629
2020-07-02,https://fbref.com/en/matches/65316256/Atalanta-Napoli-July-2-2020-Serie-A,Atalanta,Napoli,1828.31286621,1771.0880127
2020-07-02,https://fbref.com/en/matches/15a48a02/Roma-Udinese-July-2-2020-Serie-A,Roma,Udinese,1730.51757812,1558.24914551
2020-07-04,https://fbref.com/en/matches/dac442cc/Juventus-Torino-July-4-2020-Serie-A,Juventus,Torino,1909.14428711,1597.9185791
2020-07-04,https://fbref.com/en/matches/65350322/Sassuolo-Lecce-July-4-2020-Serie-A,Sassuolo,Lecce,1603.05078125,1496.34313965
2020-07-04,https://fbref.com/en/matches/a12f8897/Lazio-Milan-July-4-2020-Serie-A,Lazio,Milan,1769.57873535,1693.31994629
2020-07-05,https://fbref.com/en/matches/18e2c00a/Internazionale-Bologna-July-5-2020-Serie-A,Inter,Bologna,1802.93713379,1593.74108887
2020-07-05,https://fbref.com/en/matches/5ddc4157/Parma-Fiorentina-July-5-2020-Serie-A,Parma,Fiorentina,1591.69287109,1597.19348145
2020-07-05,https://fbref.com/en/matches/7a311dd9/Sampdoria-SPAL-July-5-2020-Serie-A,Sampdoria,SPAL,1565.81555176,1495.60095215
2020-07-05,https://fbref.com/en/matches/7da5685f/Udinese-Genoa-July-5-2020-Serie-A,Udinese,Genoa,1555.16564941,1542.97680664
2020-07-05,https://fbref.com/en/matches/1b7463ab/Brescia-Hellas-Verona-July-5-2020-Serie-A,Brescia,Hellas Verona,1463.81237793,1554.50927734
2020-07-05,https://fbref.com/en/matches/7d3492a0/Cagliari-Atalanta-July-5-2020-Serie-A,Cagliari,Atalanta,1594.84033203,1828.31286621
2020-07-05,https://fbref.com/en/matches/e77b4ee8/Napoli-Roma-July-5-2020-Serie-A,Napoli,Roma,1766.21630859,1711.64978027
2020-07-07,https://fbref.com/en/matches/b8d24d75/Lecce-Lazio-July-7-2020-Serie-A,Lecce,Lazio,1489.11816406,1750.1171875
2020-07-07,https://fbref.com/en/matches/384d0cd5/Milan-Juventus-July-7-2020-Serie-A,Milan,Juventus,1708.74584961,1914.34936523
2020-07-08,https://fbref.com/en/matches/8ef15379/Fiorentina-Cagliari-July-8-2020-Serie-A,Fiorentina,Cagliari,1597.19348145,1594.84033203
2020-07-08,https://fbref.com/en/matches/10c1d3be/Genoa-Napoli-July-8-2020-Serie-A,Genoa,Napoli,1540.26696777,1766.21630859
2020-07-08,https://fbref.com/en/matches/1a567ac6/Torino-Brescia-July-8-2020-Serie-A,Torino,Brescia,1592.96691895,1460.6829834
2020-07-08,https://fbref.com/en/matches/2fdd3ca1/Atalanta-Sampdoria-July-8-2020-Serie-A,Atalanta,Sampdoria,1835.83190918,1573.04052734
2020-07-08,https://fbref.com/en/matches/7210abad/Roma-Parma-July-8-2020-Serie-A,Roma,Parma,1706.19763184,1583.8293457
2020-07-08,https://fbref.com/en/matches/889c695c/Bologna-Sassuolo-July-8-2020-Serie-A,Bologna,Sassuolo,1592.32958984,1621.68029785
2020-07-09,https://fbref.com/en/matches/14d20c4d/SPAL-Udinese-July-9-2020-Serie-A,SPAL,Udinese,1499.63647461,1574.03344727
2020-07-09,https://fbref.com/en/matches/47b869bf/Hellas-Verona-Internazionale-July-9-2020-Serie-A,Hellas Verona,Inter,1562.37280273,1802.93713379
2020-07-11,https://fbref.com/en/matches/3c6e39f7/Lazio-Sassuolo-July-11-2020-Serie-A,Lazio,Sassuolo,1750.1171875,1630.34973145
2020-07-11,https://fbref.com/en/matches/1085d180/Brescia-Roma-July-11-2020-Serie-A,Brescia,Roma,1474.01550293,1706.19763184
2020-07-11,https://fbref.com/en/matches/69c87fd8/Juventus-Atalanta-July-11-2020-Serie-A,Juventus,Atalanta,1914.34936523,1839.2364502
2020-07-12,https://fbref.com/en/matches/833e8af0/Genoa-SPAL-July-12-2020-Serie-A,Genoa,SPAL,1542.59680176,1490.8137207
2020-07-12,https://fbref.com/en/matches/a2cc1cad/Parma-Bologna-July-12-2020-Serie-A,Parma,Bologna,1574.94335938,1597.68188477
2020-07-12,https://fbref.com/en/matches/b44bf8d9/Fiorentina-Hellas-Verona-July-12-2020-Serie-A,Fiorentina,Hellas Verona,1604.21557617,1549.0402832
2020-07-12,https://fbref.com/en/matches/c7aef1f9/Udinese-Sampdoria-July-12-2020-Serie-A,Udinese,Sampdoria,1571.70373535,1581.86340332
2020-07-12,https://fbref.com/en/matches/e2fa228f/Cagliari-Lecce-July-12-2020-Serie-A,Cagliari,Lecce,1591.43579102,1483.82189941
2020-07-12,https://fbref.com/en/matches/fcd04483/Napoli-Milan-July-12-2020-Serie-A,Napoli,Milan,1771.66833496,1725.96496582
2020-07-13,https://fbref.com/en/matches/add6aa58/Internazionale-Torino-July-13-2020-Serie-A,Inter,Torino,1783.9519043,1596.1940918
2020-07-14,https://fbref.com/en/matches/8f6f39fd/Atalanta-Brescia-July-14-2020-Serie-A,Atalanta,Brescia,1841.87451172,1468.29309082
2020-07-15,https://fbref.com/en/matches/11ba6feb/Sampdoria-Cagliari-July-15-2020-Serie-A,Sampdoria,Cagliari,1579.2253418,1593.29956055
2020-07-15,https://fbref.com/en/matches/85ebe97d/Milan-Parma-July-15-2020-Serie-A,Milan,Parma,1728.72155762,1571.15039062
2020-07-15,https://fbref.com/en/matches/608ba7e4/Bologna-Napoli-July-15-2020-Serie-A,Bologna,Napoli,1597.68188477,1772.77380371
2020-07-15,https://fbref.com/en/matches/d39cb4e3/Lecce-Fiorentina-July-15-2020-Serie-A,Lecce,Fiorentina,1496.80541992,1604.21557617
2020-07-15,https://fbref.com/en/matches/4215369c/Sassuolo-Juventus-July-15-2020-Serie-A,Sassuolo,Juventus,1642.18200684,1897.13024902
2020-07-15,https://fbref.com/en/matches/6e569080/Roma-Hellas-Verona-July-15-2020-Serie-A,Roma,Hellas Verona,1709.99072266,1554.00378418
2020-07-15,https://fbref.com/en/matches/3dd32d74/Udinese-Lazio-July-15-2020-Serie-A,Udinese,Lazio,1584.44909668,1725.3013916
2020-07-16,https://fbref.com/en/matches/ca532f16/Torino-Genoa-July-16-2020-Serie-A,Torino,Genoa,1596.1940918,1538.73461914
2020-07-16,https://fbref.com/en/matches/328d9e11/SPAL-Internazionale-July-16-2020-Serie-A,SPAL,Inter,1478.06835938,1783.9519043
2020-07-18,https://fbref.com/en/matches/05650a7d/Hellas-Verona-Atalanta-July-18-2020-Serie-A,Hellas Verona,Atalanta,1556.77770996,1844.82299805
2020-07-18,https://fbref.com/en/matches/95476842/Cagliari-Sassuolo-July-18-2020-Serie-A,Cagliari,Sassuolo,1589.34667969,1647.37927246
2020-07-18,https://fbref.com/en/matches/069123b2/Milan-Bologna-July-18-2020-Serie-A,Milan,Bologna,1728.72155762,1601.70898438
2020-07-19,https://fbref.com/en/matches/71c493e6/Parma-Sampdoria-July-19-2020-Serie-A,Parma,Sampdoria,1570.51159668,1603.9309082
2020-07-19,https://fbref.com/en/matches/6ed7c7da/Napoli-Udinese-July-19-2020-Serie-A,Napoli,Udinese,1772.77380371,1571.11474609
2020-07-19,https://fbref.com/en/matches/d2bd21de/Brescia-SPAL-July-19-2020-Serie-A,Brescia,SPAL,1462.18310547,1470.40734863
2020-07-19,https://fbref.com/en/matches/705f5fe5/Fiorentina-Torino-July-19-2020-Serie-A,Fiorentina,Torino,1610.92956543,1601.67736816
2020-07-19,https://fbref.com/en/matches/27ba435a/Genoa-Lecce-July-19-2020-Serie-A,Genoa,Lecce,1546.39562988,1500.75830078
2020-07-19,https://fbref.com/en/matches/e128fda4/Roma-Internazionale-July-19-2020-Serie-A,Roma,Inter,1719.38220215,1788.03747559
2020-07-20,https://fbref.com/en/matches/588b69d5/Juventus-Lazio-July-20-2020-Serie-A,Juventus,Lazio,1894.1817627,1722.43920898
2020-07-21,https://fbref.com/en/matches/6d15b9b8/Atalanta-Bologna-July-21-2020-Serie-A,Atalanta,Bologna,1846.60107422,1594.07519531
2020-07-21,https://fbref.com/en/matches/d5ac1520/Sassuolo-Milan-July-21-2020-Serie-A,Sassuolo,Milan,1646.84985352,1733.43481445
2020-07-22,https://fbref.com/en/matches/859ed9c8/Parma-Napoli-July-22-2020-Serie-A,Parma,Napoli,1565.79846191,1769.38537598
2020-07-22,https://fbref.com/en/matches/f525b6e8/SPAL-Roma-July-22-2020-Serie-A,SPAL,Roma,1465.38061523,1720.00390625
2020-07-22,https://fbref.com/en/matches/ab64eb44/Internazionale-Fiorentina-July-22-2020-Serie-A,Inter,Fiorentina,1793.06420898,1610.92956543
2020-07-22,https://fbref.com/en/matches/4f400c38/Sampdoria-Genoa-July-22-2020-Serie-A,Sampdoria,Genoa,1612.26940918,1536.82678223
2020-07-22,https://fbref.com/en/matches/a97c607e/Torino-Hellas-Verona-July-22-2020-Serie-A,Torino,Hellas Verona,1601.67736816,1553.49609375
2020-07-22,https://fbref.com/en/matches/c7b804c0/Lecce-Brescia-July-22-2020-Serie-A,Lecce,Brescia,1491.27050781,1460.40515137
2020-07-23,https://fbref.com/en/matches/bd1039f3/Udinese-Juventus-July-23-2020-Serie-A,Udinese,Juventus,1573.97692871,1888.98449707
2020-07-23,https://fbref.com/en/matches/ac261955/Lazio-Cagliari-July-23-2020-Serie-A,Lazio,Cagliari,1719.28515625,1577.97558594
2020-07-24,https://fbref.com/en/matches/8eb861f9/Milan-Atalanta-July-24-2020-Serie-A,Milan,Atalanta,1741.06860352,1840.57739258
2020-07-25,https://fbref.com/en/matches/22a89a37/Brescia-Parma-July-25-2020-Serie-A,Brescia,Parma,1467.20825195,1557.45983887
2020-07-25,https://fbref.com/en/matches/ae7acfba/Genoa-Internazionale-July-25-2020-Serie-A,Genoa,Inter,1542.31091309,1792.44262695
2020-07-25,https://fbref.com/en/matches/d0a7b712/Napoli-Sassuolo-July-25-2020-Serie-A,Napoli,Sassuolo,1772.16455078,1646.84985352
2020-07-26,https://fbref.com/en/matches/5bfe966b/Bologna-Lecce-July-26-2020-Serie-A,Bologna,Lecce,1594.07519531,1485.78637695
2020-07-26,https://fbref.com/en/matches/66a750bd/Roma-Fiorentina-July-26-2020-Serie-A,Roma,Fiorentina,1720.00390625,1620.10998535
2020-07-26,https://fbref.com/en/matches/ab419e0b/SPAL-Torino-July-26-2020-Serie-A,SPAL,Torino,1458.57739258,1592.49694824
2020-07-26,https://fbref.com/en/matches/f09e4b58/Cagliari-Udinese-July-26-2020-Serie-A,Cagliari,Udinese,1578.50488281,1571.19775391
2020-07-26,https://fbref.com/en/matches/e67f3da1/Hellas-Verona-Lazio-July-26-2020-Serie-A,Hellas Verona,Lazio,1559.51965332,1719.28515625
2020-07-26,https://fbref.com/en/matches/d2da585b/Juventus-Sampdoria-July-26-2020-Serie-A,Juventus,Sampdoria,1892.1385498,1612.26940918
2020-07-28,https://fbref.com/en/matches/3ed750d6/Parma-Atalanta-July-28-2020-Serie-A,Parma,Atalanta,1569.50292969,1842.54101562
2020-07-28,https://fbref.com/en/matches/e5481cdd/Internazionale-Napoli-July-28-2020-Serie-A,Inter,Napoli,1786.73242188,1765.6192627
2020-07-29,https://fbref.com/en/matches/5d41021d/Hellas-Verona-SPAL-July-29-2020-Serie-A,Hellas Verona,SPAL,1561.94958496,1451.19433594
2020-07-29,https://fbref.com/en/matches/dd1b303e/Sassuolo-Genoa-July-29-2020-Serie-A,Sassuolo,Genoa,1640.00170898,1553.29626465
2020-07-29,https://fbref.com/en/matches/f37d9898/Sampdoria-Milan-July-29-2020-Serie-A,Sampdoria,Milan,1601.28405762,1749.07885742
2020-07-29,https://fbref.com/en/matches/6f8b0e57/Udinese-Lecce-July-29-2020-Serie-A,Udinese,Lecce,1585.5111084,1494.3260498
2020-07-29,https://fbref.com/en/matches/b0e8501c/Lazio-Brescia-July-29-2020-Serie-A,Lazio,Brescia,1722.86791992,1458.6685791
2020-07-29,https://fbref.com/en/matches/0a478689/Fiorentina-Bologna-July-29-2020-Serie-A,Fiorentina,Bologna,1625.82019043,1592.1114502
2020-07-29,https://fbref.com/en/matches/7c93a395/Cagliari-Juventus-July-29-2020-Serie-A,Cagliari,Juventus,1574.92211914,1877.82531738
2020-07-29,https://fbref.com/en/matches/710a1dbf/Torino-Roma-July-29-2020-Serie-A,Torino,Roma,1590.06713867,1727.38696289
2020-08-01,https://fbref.com/en/matches/d1352c1c/Brescia-Sampdoria-August-1-2020-Serie-A,Brescia,Sampdoria,1452.171875,1598.80322266
2020-08-01,https://fbref.com/en/matches/a49b41b1/Atalanta-Internazionale-August-1-2020-Serie-A,Atalanta,Inter,1841.37890625,1793.33117676
2020-08-01,https://fbref.com/en/matches/671ca1ba/Napoli-Lazio-August-1-2020-Serie-A,Napoli,Lazio,1757.13562012,1733.37792969
2020-08-01,https://fbref.com/en/matches/6277f415/Juventus-Roma-August-1-2020-Serie-A,Juventus,Roma,1880.30615234,1731.76306152
2020-08-01,https://fbref.com/en/matches/d4584839/Milan-Cagliari-August-1-2020-Serie-A,Milan,Cagliari,1749.07885742,1565.76135254
2020-08-02,https://fbref.com/en/matches/73dc3e92/SPAL-Fiorentina-August-2-2020-Serie-A,SPAL,Fiorentina,1453.61901855,1621.4440918
2020-08-02,https://fbref.com/en/matches/014d1244/Genoa-Hellas-Verona-August-2-2020-Serie-A,Genoa,Hellas Verona,1546.69750977,1551.4395752
2020-08-02,https://fbref.com/en/matches/a2f2dce1/Lecce-Parma-August-2-2020-Serie-A,Lecce,Parma,1489.97131348,1575.99963379
2020-08-02,https://fbref.com/en/matches/9d9f22b7/Bologna-Torino-August-2-2020-Serie-A,Bologna,Torino,1596.46618652,1587.64245605
2020-08-02,https://fbref.com/en/matches/6fc1b0dd/Sassuolo-Udinese-August-2-2020-Serie-A,Sassuolo,Udinese,1634.50390625,1594.67175293
